case	artifact	tape_file	block_within_file	bytes	sha256
sidecar-block-size	tape-image a4-minimal	2	0	262144	77ee3b820a2965b07e1980a31cd179513ae399ba4e008ca5d216e3278ffffbc9
sidecar-canonical-hash	tape-image a4-minimal	2	0	262144	afdbfc5d938555573ce7efce660803ad48aa2ec08e9662c332c0bd2180fb6977
sidecar-copy-generation	tape-image a4-minimal	2	0	262144	353775c304ff0b0277b8422fcb65592db705022d9c6edc039876d09fbc26ea7b
sidecar-copy-kind/a	tape-image a4-minimal	2	0	262144	531dab4f8d668e7d630e4f505517204c8ecfa06f02c053b567bc9a93d4a833fd
sidecar-copy-kind/b	tape-image a4-minimal	2	0	262144	9d2dc07a0ea55dbaf2966556ab3344ba17136bff59e2a6c69b6b5ea5668dfc20
sidecar-copy-kind-reserved	tape-image a4-minimal	2	0	262144	7ba826a15cec8c6584d1768820af82a8fd918ad0c2e12da0147d1335a68be04b
sidecar-data-crc-count	tape-image a4-minimal	2	0	262144	18fdfb39a1ff626476cf4958db30f6abae549a3a8ac974b3c967f1ea0b2cee43
sidecar-end-not-after-start/a-equal	tape-image two-epoch	3	0	262144	b432bbc0788a01b839b398073f65b4081822184de49a749fa4e90d39cd312594
sidecar-end-not-after-start/b-below	tape-image two-epoch	3	0	262144	49f43059bdaf6b28424f3e64c0039d03f89fc58e252da52c8ddb17a435378643
sidecar-footer-index	tape-image a4-minimal	2	0	262144	857ee2a80711bfe207a886bdc183cc21d90960b4ab33e684b21ba152f42e2d43
sidecar-header-block-count	tape-image a4-minimal	2	0	262144	d1f36fd5471e2ca4647dccbe74cc12779b5d67a1963099ec4081b145ae1534e3
sidecar-header-reserved/a-header-0xB8	tape-image a4-minimal	2	0	262144	6f0337d78565a943fc7db179991d35ad20ce11b997919d463d0b5d94c1556f65
sidecar-header-reserved/b-parity-entry-reserved	tape-image a4-minimal	2	0	262144	1d2aaadf7bb648f4f59543baa24a2bc2a277082440bd946eb304ab290acc3ff1
sidecar-header-reserved/c-footer-reserved	tape-image a4-minimal	2	6	262144	c57760d338262cd7d6c30fdf340812701fa49cc9e1b3e7b67157dd3423757050
sidecar-inline-index-bytes	tape-image a4-minimal	2	0	262144	b474827ea9b90c822f8e1223d4c4ffd67f62da2954ed3562ceafeb0e27d78695
sidecar-k-zero	tape-image a4-minimal	2	0	262144	dd8ac41c71c8f4c307dca9b45114d22b672a9ad493ba9a318952695af0cc1af9
sidecar-m-zero	tape-image a4-minimal	2	0	262144	7536fa401a71d76b0794cc7ea62e498700e90f79c8c05679be37ab3bbac1f332
sidecar-s-zero	tape-image a4-minimal	2	0	262144	9403eb45721efbbb01becec1057652de39fcacf9bfb639daf7ee22d9e2e1190a
sidecar-logical-shard-count	tape-image a4-minimal	2	0	262144	c7ccb3801ba9613bbb8e868295062950905adac8c833c99381ded1610dcb0917
sidecar-parity-block-count	tape-image a4-minimal	2	0	262144	4965d3fbf558f6a8cf76a6e151e8198c68c52a4ea0f56411c9ed4c49d37f3994
sidecar-primary-start/a-hash-over-wire	tape-image a4-minimal	2	0	262144	055aeb62e667e4e66c17fb4b868f56cfe9728d4d69e2b42e1f3b496d166cf140
sidecar-primary-start/b-hash-with-zero	tape-image a4-minimal	2	0	262144	492d8e31dffc196dbdc2315f4845b3df486cb1c27e67e3636b3fb69e0c840cdc
sidecar-real-data-shard-count/a-not-end-minus-start	tape-image a4-minimal	2	0	262144	3f979defa36ece3eb355d915bf24248e697d641217afd9e514d1e42ddb77acbe
sidecar-real-data-shard-count/b-above-logical	tape-image a4-minimal	2	0	262144	367b3aae5c1b173366160fe77d9a3df464c98e8078dcf23a3be589d0d035dff4
sidecar-tail-start	tape-image a4-minimal	2	0	262144	3461b916556a25bb675e32be901eef501e74ffe18819b29d7559c595762c4305
sidecar-tape-uuid	tape-image a4-minimal	2	0	262144	58cea355e1c07ecaff3b0aaebe64ff11e5245d270d3e7c2d2c90283790083049
sidecar-total-block-count/a-header-wrong	tape-image a4-minimal	2	0	262144	dd4e4bda5ab9cee895a7753e73bf6fe760ffb9e2f7cd163f85194fc77e0e4387
sidecar-total-block-count/b-header-zero-hostile	tape-image a4-minimal	2	0	262144	24cdb0e872c985b7b81208b9f4d093fc1d1532a3127162929827878fb76d404f
sidecar-total-block-count/c-footer-zero-hostile	tape-image a4-minimal	2	6	262144	3551844f65d1677b2488f707ef5936d43455aea3d7a7aa2c94954dca03a64b0e
sidecar-zero-fill/a-index-block-fill	tape-image a4-minimal	2	0	262144	5cd2b72ce79845fd5c43e22c9b9ab8cca4a8a590e0a52649526a3dfe971b399b
sidecar-zero-fill/b-tail-copy-fill	tape-image a4-minimal	2	5	262144	f6b132325ec267a00844f243f3e867de2fa786025fab07e9234ba0aa36db1c42
sidecar-zero-fill/c-footer-fill	tape-image a4-minimal	2	6	262144	f2de0fb5c762dda2a8686747a1d0a85b821a67754f35f9dadb5d0b9bf39e2474
sidecar-primary-tail-disagreement	tape-image a4-minimal	2	5	262144	c821192d8637a805304122894adcd71b6923bb75ba87c6d4fb4e2a177d2d0b7a
paritymap-directory-not-ascending	tape-image two-epoch	4	0	262144	0a8257c79695551b5ca2da03fca4e9586f3ee3003750bb42bab4689ca4ceecc9
paritymap-directory-not-ascending	tape-image two-epoch	4	1	262144	71be39c93c2dd0c42a7de323344ababcb29346cad965be92ef429f1644c2e6e5
paritymap-directory-not-ascending	tape-image two-epoch	4	2	262144	967528770e6deca0a5ae2366eced5a9554546da6ed6f3afe26db590e4d874ef7
paritymap-footer-header-disagreement/a-footer-sequence	tape-image a4-minimal	3	2	262144	d407e746aab022201f65bc02ab48e797eff4768b94d568ccddca16a2ddaf26ba
paritymap-footer-header-disagreement/b-footer-payload-len	tape-image a4-minimal	3	2	262144	25034e07bba083e1d3388fb98559d7473f4cf6c36f412efc94b49fba09c23389
bootstrap-payload-past-block/a-one-past	tape-image a4-minimal	0	0	262144	3abce8b52864a8e9b7a34d95d1e1394e708499d5931a7146e2a3c5178c354190
bootstrap-payload-past-block/b-hostile-max	tape-image a4-minimal	0	0	262144	369b5597bf1e7014468ee4611415b6ac647805c7d8562ceeadf9a3a42aa791ef
terminal-object-id-over-64/a-replica-A-only	terminal profile multi-256k	6	0	262144	6e342c5154aea0711ba591fed7e166864ea7773207d7887ebbd904bddfaaf545
terminal-object-id-over-64/a-replica-A-only	terminal profile multi-256k	6	1	262144	9a49d93ff340df0e12d5bf93adec54152b60f193a7cd214d4f0ee2f28501c77c
terminal-object-id-over-64/a-replica-A-only	terminal profile multi-256k	6	2	262144	b599fff1d2f36e7574334a8ba091ed1c53d06e16cad7f784216e77554c8dacd6
terminal-object-id-over-64/b-all-replicas	terminal profile multi-256k	6	0	262144	6e342c5154aea0711ba591fed7e166864ea7773207d7887ebbd904bddfaaf545
terminal-object-id-over-64/b-all-replicas	terminal profile multi-256k	6	1	262144	9a49d93ff340df0e12d5bf93adec54152b60f193a7cd214d4f0ee2f28501c77c
terminal-object-id-over-64/b-all-replicas	terminal profile multi-256k	6	2	262144	b599fff1d2f36e7574334a8ba091ed1c53d06e16cad7f784216e77554c8dacd6
terminal-object-id-over-64/b-all-replicas	terminal profile multi-256k	8	0	262144	35d7b0828b9e94cfbe6f591d5c7484acb52be739dfd3358b77993d18beedcd36
terminal-object-id-over-64/b-all-replicas	terminal profile multi-256k	8	1	262144	9a49d93ff340df0e12d5bf93adec54152b60f193a7cd214d4f0ee2f28501c77c
terminal-object-id-over-64/b-all-replicas	terminal profile multi-256k	8	2	262144	17bb4edc62ae226f20a4e13af476f380c597ea4277915545e65af192367c953a
terminal-object-id-over-64/b-all-replicas	terminal profile multi-256k	10	0	262144	cf0257276551c358ad9b4e85b3bc955d87159edd3b4b90fba1c9d54999a81840
terminal-object-id-over-64/b-all-replicas	terminal profile multi-256k	10	1	262144	9a49d93ff340df0e12d5bf93adec54152b60f193a7cd214d4f0ee2f28501c77c
terminal-object-id-over-64/b-all-replicas	terminal profile multi-256k	10	2	262144	bbe38e58c7a2c791d2d714f4e205b2fa02d5faebebf5b9941ab9f6a8feb76ef4
terminal-scope-scalars/a-covered-prefix	terminal profile multi-256k	6	0	262144	9a0ca4b58a672b2fd896c4fd4de0e0131ec417dd2fd4f179f3684d7845bad39a
terminal-scope-scalars/a-covered-prefix	terminal profile multi-256k	6	2	262144	3f7f29e087eb515555472331c358fa195f55107c1d6a35b3a8d1065765e26689
terminal-scope-scalars/b-total-data-ordinals	terminal profile multi-256k	6	0	262144	add47873290e77d3d2e2f5d9fddd17be0ba34f1e47dd84d1a4b9ed0e8a665c4b
terminal-scope-scalars/b-total-data-ordinals	terminal profile multi-256k	6	2	262144	f94292f25064caa2298b5d281427d1302042f80acaebed14603e550e1d1ebaed
terminal-scope-scalars/c-highest-protected	terminal profile multi-256k	6	0	262144	859eee2898385ea79c041d7e005948fc07bc7a2ec150c7d888785382398c89ef
terminal-scope-scalars/c-highest-protected	terminal profile multi-256k	6	2	262144	84536c679d9564667fa10963ea8a8b199a15664ae2997241b874a58a9c2fe943
terminal-scope-scalars/d-total-isolated	terminal profile minimal-256k	1	0	262144	74ba622b03aecdba94bc095cc241e7ae1ba43d27467fd9f769cf4b4c0ab2b103
terminal-scope-scalars/d-total-isolated	terminal profile minimal-256k	1	2	262144	d6a1961ba28fbbcf1b58e6c3572d05f3627b46caf5e155cf48c282394ecc7111
terminal-replica-role-magic/a-header-magic-flipped	terminal profile minimal-256k	1	0	262144	c390091a39e48a522f72611c4c096d24885aa1c7af82e8bada882bda44adf544
terminal-replica-role-magic/a-header-magic-flipped	terminal profile minimal-256k	1	2	262144	e797c953db876c1c61954e72812a163f4e4fca8583489855a7aa21b4609a090a
terminal-replica-role-magic/b-header-carries-footer-magic	terminal profile minimal-256k	1	0	262144	379399d68df75859c66428c06d6aa9b2186442543bf466b2df5c47e628bf98de
terminal-replica-role-magic/b-header-carries-footer-magic	terminal profile minimal-256k	1	2	262144	f1fff4709f8a3d8c08d7159b52a2930e1edec26f4210ef5cbb41298cf0602510
separation-extent-role-magic	terminal profile minimal-256k	2	0	262144	04576ec852020cd29586767af93c31f0ad2fd95059a42a7a176fe211ec9f7eb4
separation-extent-role-magic	terminal profile minimal-256k	2	2	262144	83dc73f891480a7125250a096f3993f66c12d9f27d29d34deddcb6eb87801de0
overflow-3.3-stripe-mapping-forward	tape-image a4-minimal	2	0	262144	9403eb45721efbbb01becec1057652de39fcacf9bfb639daf7ee22d9e2e1190a
overflow-6.6-scheme-product	tape-image a4-minimal	0	0	262144	ae1d8f9632534d108d619503253be2a5dd2e81725c2269b87dc327f5d05d2ce0
overflow-7.2-T	terminal profile multi-256k	6	0	262144	b33f5b5552488ffa08c38f00713e042be93965358645d8c8f8ebfad69152c2fd
overflow-7.2-T	terminal profile multi-256k	6	1	262144	d4aef997701dc78e39cd699db0b523e3247c303a49594e93f4f3975ba18f99c3
overflow-7.2-T	terminal profile multi-256k	6	2	262144	3a6504516e5fa39bcc5e1aeef18e8e95e22eb21e3d2bac5d5fd78c5caebbe051
overflow-8.3-component-starts	terminal profile minimal-256k	1	0	262144	87c729cfc2b2c3eb30777411d9dbe39166fdb5db22ff54a806027d2455e06a31
overflow-8.3-component-starts	terminal profile minimal-256k	1	2	262144	a367d7b2d1abbe983f8e205d7bee7e884fad967425eb7abbff74d321667185dd
overflow-8.3-eod	terminal profile minimal-256k	1	0	262144	abce586599b25dfc99f7b740ea26b6bf6ff19b851a3e09a285eed5190a6030d9
overflow-8.3-eod	terminal profile minimal-256k	1	2	262144	00bc0c9968ee42b24b21fa3c2730770fe5480d7dff0a617088fade28a407d0d5
overflow-9.1-P	tape-image a4-minimal	0	0	262144	ae1d8f9632534d108d619503253be2a5dd2e81725c2269b87dc327f5d05d2ce0
overflow-9.1-total-2H-P-1/a-footer	tape-image a4-minimal	2	6	262144	10bbd6f9d6468c18323e8b5675b09ee416f4caa45273dfd7e74faa7fa9b7cacb
overflow-9.1-total-2H-P-1/b-header	tape-image a4-minimal	2	0	262144	f5e670e2d2208644f6ede4a53ffc0f4b3219accded017119de4fbc4f288c6871
overflow-9.1-block-locator	tape-image a4-minimal	2	0	262144	e2e6cfcbf587144f44eff315c61a4ad9b613000297cbd2028a9c3b66f76dd3d8
overflow-9.1-tail-start	tape-image a4-minimal	2	6	262144	2b0dd9cd0756dcfb120f44bb44ad2ee95ac506f5e65cfeded0253340dd508a38
overflow-9.2-SxK	tape-image a4-minimal	0	0	262144	ae1d8f9632534d108d619503253be2a5dd2e81725c2269b87dc327f5d05d2ce0
overflow-9.2-end-minus-start	tape-image two-epoch	3	0	262144	49f43059bdaf6b28424f3e64c0039d03f89fc58e252da52c8ddb17a435378643
overflow-9.4-H	tape-image a4-minimal	2	0	262144	968f1ef3ea30e7e19bacf8a5a06eecf744923b04dd4dc743206932e7d9848a60
overflow-10.1.2-M	tape-image a4-minimal	3	0	262144	3e9bc2c2c017fb517c9351efe71986b34a46c805a1430693080e89c0368d782c
overflow-10.1.2-M	tape-image a4-minimal	3	1	262144	0f7572a195c297076209884c6de84f31d0b9e8b208fe7822ee87e8000a5f49eb
overflow-10.1.2-M	tape-image a4-minimal	3	2	262144	2754176ecb5c81ee493e2a2615583b3505f2b25e0d133e85597bae0737f030f1
overflow-10.1.2-2M-footer	tape-image a4-minimal	3	0	262144	d7d3bd37ef81c07c9c91ab9964e2fa255d59ba7e126625a0d1d3d9c057e94d9e
overflow-10.1.2-2M-footer	tape-image a4-minimal	3	1	262144	83e2b644399758dbdd966df68cb71b858c92e6460b9ccd5c3931da167ce2eb47
overflow-10.1.2-2M-footer	tape-image a4-minimal	3	2	262144	b4e95187a9f65c3f0bd521e246b9fc7ada5610e819fb229b9b256749bc2e4a71
overflow-10.1.2-tail-at-M	tape-image a4-minimal	3	0	262144	3e9bc2c2c017fb517c9351efe71986b34a46c805a1430693080e89c0368d782c
overflow-10.1.2-tail-at-M	tape-image a4-minimal	3	1	262144	0f7572a195c297076209884c6de84f31d0b9e8b208fe7822ee87e8000a5f49eb
overflow-10.1.2-tail-at-M	tape-image a4-minimal	3	2	262144	2754176ecb5c81ee493e2a2615583b3505f2b25e0d133e85597bae0737f030f1
overflow-10.4-slot-product/a-64s	terminal profile minimal-256k	1	0	262144	0e780988be3bdda628da2890fe3742869bac6a38888c2b7a3f516cf7d272c8e5
overflow-10.4-slot-product/a-64s	terminal profile minimal-256k	1	2	262144	fdd4076687e3797b832ff8c5e7cd5b188b450e10050977484c649a83cf712204
overflow-10.4-slot-product/b-256o	terminal profile minimal-256k	1	0	262144	42d4d290ce1a14352c0a5a5a9c7ed199cfe8296eb3d4c33721cd2902118f2534
overflow-10.4-slot-product/b-256o	terminal profile minimal-256k	1	2	262144	0279a95d5809a027cd98e84e43ba53073cd90d26b507c7303b39d2d6b64f610f
overflow-10.4-slot-product/c-sum	terminal profile minimal-256k	1	0	262144	4abed180d1f6d4422f9979c0f3cdceda852d3a9e48154971b4a9ff8561d09c98
overflow-10.4-slot-product/c-sum	terminal profile minimal-256k	1	2	262144	2eba0f75142dcd560763d8c0d072c747214597d6336ef87292b110150c9e5f5f
overflow-10.4-record-geometry	terminal profile minimal-256k	1	0	262144	5348e8592df4cdabc3c4b31ac2d6edb3c09425b7cab2c89356befb1e6f6e8272
overflow-10.4-record-geometry	terminal profile minimal-256k	1	2	262144	8a21b531c1e59061ae28b6235a18d196837ea817293657fb4720e5d525c294bd
overflow-10.3-manifest-range/a-range-sum	terminal profile multi-256k	6	0	262144	c001fe5ec74a57d196a11e04ac580c0c52136a5097fbb9af8cc4ac43f6bcc741
overflow-10.3-manifest-range/a-range-sum	terminal profile multi-256k	6	1	262144	ffcd84f39358c8ac24e525d77036668ed6bbe637996c838edfe14e9ca9199301
overflow-10.3-manifest-range/a-range-sum	terminal profile multi-256k	6	2	262144	960a641d53bdc88c777c5687dd6e65979eb872a7bd926d4b5c24c772e18ab453
overflow-10.3-manifest-range/b-byte-product	terminal profile multi-256k	6	0	262144	e47e1bae28608f945e7f73471977d1aee1c19c0a63458bb449d62564016ba7b5
overflow-10.3-manifest-range/b-byte-product	terminal profile multi-256k	6	1	262144	5dbdb5bf7f76cc9685bd85eb84f39492c10dcf3aa16474c883d5b87f4dc6bdbc
overflow-10.3-manifest-range/b-byte-product	terminal profile multi-256k	6	2	262144	ce6a031dcdf14de1cdd5913780604a81cc2bb6fdf11f5fb2389b7c285f28662a
overflow-10.4-footer-delta/a-count-zero	terminal profile minimal-256k	1	2	262144	538ac69f068e468babae91a419fea0d34689bbf17b1624bb7f82da8c31a0c465
overflow-10.4-footer-delta/b-start-max	terminal profile minimal-256k	1	2	262144	16ae0aa431944d720635dff9ec432451e862b653990170f05e5d93e0c8cc99a0
overflow-10.4-footer-delta/c-separation-count-zero	terminal profile minimal-256k	2	2	262144	b47f7ea03fa8c9d45ebb1299586e7a13c7d3fbd6fede07fb9bcb4114905b822c
overflow-10.5-extent-geometry	terminal profile minimal-256k	2	0	262144	be65bd8617bcdfbe949ffd587c2e4feb461b444b85208d867357e7bc7c686bc9
overflow-10.5-extent-geometry	terminal profile minimal-256k	2	2	262144	64fa0242c35f0f2b65862cc390d6bde9c7e352f303feb9cb901038a02c93a770
overflow-10.5-footer-offset-interior/a-E-zero	terminal profile minimal-256k	2	0	262144	43e31ab934d54b3edfdebff25848c0227b1cd800d73e30c7ba881c4595b52007
overflow-10.5-footer-offset-interior/a-E-zero	terminal profile minimal-256k	2	2	262144	8d1984e419b258c8ac873677ad664903052fd0a5c28d11edf07663ee85d68fdf
overflow-10.5-footer-offset-interior/b-E-one-block	terminal profile minimal-256k	2	0	262144	259180214fb657de7be24f70f92c030e75e7ec470f3f067ca260b11db3e22419
overflow-10.5-footer-offset-interior/b-E-one-block	terminal profile minimal-256k	2	2	262144	03c0adeba072bc542b6fe7c204ea86818abcf304750fe027324ad2785174002b
overflow-13.3-tail-location/a-H-seven	tape-image a4-minimal	2	0	262144	bc2883b4c464ac1889fde26a533ed48a8cc7b9a2afe6b53c5b620de2894c3f01
overflow-13.3-tail-location/a-H-seven	tape-image a4-minimal	2	6	262144	1c2b858466f0fb04c2886b965df410967c1a76346e41daba23df3d1cda84097d
overflow-13.3-tail-location/a-H-seven	tape-image a4-minimal	3	0	262144	0e59da43b6a5506291164972840cfb3acca47937b941c256eda77041b295b916
overflow-13.3-tail-location/a-H-seven	tape-image a4-minimal	3	1	262144	246a3275ec676863f83e8880951d906324cf69f06e2923599f6f4b6c7c88149c
overflow-13.3-tail-location/a-H-seven	tape-image a4-minimal	3	2	262144	6d9348d962221f64460a7ee16f69ff66edf12753ba0bbadb33cdd1ce16440c00
overflow-13.3-tail-location/b-H-max	tape-image a4-minimal	2	0	262144	bc2883b4c464ac1889fde26a533ed48a8cc7b9a2afe6b53c5b620de2894c3f01
overflow-13.3-tail-location/b-H-max	tape-image a4-minimal	2	6	262144	1c2b858466f0fb04c2886b965df410967c1a76346e41daba23df3d1cda84097d
overflow-13.3-tail-location/b-H-max	tape-image a4-minimal	3	0	262144	3261a5aa2167e779218e18363fb2b772d9e83b89d176435e584e9e8c496aa33c
overflow-13.3-tail-location/b-H-max	tape-image a4-minimal	3	1	262144	81bbfcb267af8cd7713d056b20e58ee12943468413ce7e63b518259ed53e7baf
overflow-13.3-tail-location/b-H-max	tape-image a4-minimal	3	2	262144	c26212f4df499dd57d235e40429da2c02950ea1e6477dcef972c256aca022fa8
overflow-13.3-tail-location/c-total-zero	tape-image a4-minimal	2	0	262144	bc2883b4c464ac1889fde26a533ed48a8cc7b9a2afe6b53c5b620de2894c3f01
overflow-13.3-tail-location/c-total-zero	tape-image a4-minimal	2	6	262144	1c2b858466f0fb04c2886b965df410967c1a76346e41daba23df3d1cda84097d
overflow-13.3-tail-location/c-total-zero	tape-image a4-minimal	3	0	262144	8cff0fa2d5f8eb7755b5ce2f21bdcba0cb2a1c1b06a6574fa82f100295fa5c45
overflow-13.3-tail-location/c-total-zero	tape-image a4-minimal	3	1	262144	449551d41afe0ba858ae6c4f6888291d9f5cec637dc602cd6b2e2d02aee54e99
overflow-13.3-tail-location/c-total-zero	tape-image a4-minimal	3	2	262144	446e3a724806285c1536d19711e84d1fbfc51198685950809ae41bb33e8a52ab
sidecar-block-size/isolated	tape-image a4-minimal	2	0	262144	77ee3b820a2965b07e1980a31cd179513ae399ba4e008ca5d216e3278ffffbc9
sidecar-block-size/isolated	tape-image a4-minimal	2	5	262144	443cd00659381ef18818c435f74cfc1565404537a4a6d8099fc1bf800489cc64
sidecar-block-size/isolated	tape-image a4-minimal	2	6	262144	f126c559ee6b7b6cb7c81336c435559ab60be992976c65c10459840b9bd1e57e
sidecar-block-size/isolated	tape-image a4-minimal	3	0	262144	5ba64942bd0e50c1a010cb23295e5404409716dda175383bda42d9a1c6d95e42
sidecar-block-size/isolated	tape-image a4-minimal	3	1	262144	1f88b82fb866091e63c9019e7e3194f49be98fdc522849558cd0355703eed7f7
sidecar-block-size/isolated	tape-image a4-minimal	3	2	262144	b0782153f77a4f6c7da6f4b7b71bb58db94e2ad49032ea8654ddf24ff662a52e
sidecar-canonical-hash/isolated	tape-image a4-minimal	2	0	262144	afdbfc5d938555573ce7efce660803ad48aa2ec08e9662c332c0bd2180fb6977
sidecar-canonical-hash/isolated	tape-image a4-minimal	2	5	262144	d4ad8c7e66cdc810b4590fd756379bbfc91c417efefb9119175e44b0251712c1
sidecar-canonical-hash/isolated	tape-image a4-minimal	2	6	262144	77da61cd72032895a59aa8f74f52996eee7b7e3c067361160004939e75475616
sidecar-canonical-hash/isolated	tape-image a4-minimal	3	0	262144	0decb76731094a1f752a39a7e947fdb880ca373888d7abfa6b3fdd07a6912cec
sidecar-canonical-hash/isolated	tape-image a4-minimal	3	1	262144	dfae27efb3834babfeb0ab61c878ae573b791c43f5f6686dc63b34bffee47311
sidecar-canonical-hash/isolated	tape-image a4-minimal	3	2	262144	1065fa883a99d93f97b72c96cbd0f79123b2af45c86b7e59bed3edb2fb2121a8
sidecar-copy-generation/isolated	tape-image a4-minimal	2	0	262144	353775c304ff0b0277b8422fcb65592db705022d9c6edc039876d09fbc26ea7b
sidecar-copy-generation/isolated	tape-image a4-minimal	2	5	262144	c6e207b3eab704bf657f430c6a036fb1ec796e9373ce2d6c147f0386d51936c9
sidecar-copy-generation/isolated	tape-image a4-minimal	2	6	262144	95c3faf4d07128d695f12e54d52af32957650d6610310bf214b80880ef27ae83
sidecar-copy-generation/isolated	tape-image a4-minimal	3	0	262144	ad59a3e43cead2f03652da9b041a4b5bb86b957b64bf890fb1fab7700d91fa46
sidecar-copy-generation/isolated	tape-image a4-minimal	3	1	262144	2ea63cb0f09af1c1df6c1df9272d8e68fea9625d34ed0d88f2f5656934c584c6
sidecar-copy-generation/isolated	tape-image a4-minimal	3	2	262144	0784226ecc5a99fb02a4f7f55543fc115169c81bc3381e13a3583efcc975b6cf
sidecar-copy-kind-reserved/isolated	tape-image a4-minimal	2	0	262144	7ba826a15cec8c6584d1768820af82a8fd918ad0c2e12da0147d1335a68be04b
sidecar-copy-kind-reserved/isolated	tape-image a4-minimal	2	5	262144	7200aec5bbaab93c0f02f9051d8778bff01b1d1784b58c2baca091fa54cff5bd
sidecar-copy-kind-reserved/isolated	tape-image a4-minimal	2	6	262144	95c3faf4d07128d695f12e54d52af32957650d6610310bf214b80880ef27ae83
sidecar-copy-kind-reserved/isolated	tape-image a4-minimal	3	0	262144	ad59a3e43cead2f03652da9b041a4b5bb86b957b64bf890fb1fab7700d91fa46
sidecar-copy-kind-reserved/isolated	tape-image a4-minimal	3	1	262144	2ea63cb0f09af1c1df6c1df9272d8e68fea9625d34ed0d88f2f5656934c584c6
sidecar-copy-kind-reserved/isolated	tape-image a4-minimal	3	2	262144	0784226ecc5a99fb02a4f7f55543fc115169c81bc3381e13a3583efcc975b6cf
sidecar-data-crc-count/isolated	tape-image a4-minimal	2	0	262144	18fdfb39a1ff626476cf4958db30f6abae549a3a8ac974b3c967f1ea0b2cee43
sidecar-data-crc-count/isolated	tape-image a4-minimal	2	5	262144	0b307ae0acad2cee3280d1512b0fc1e803a8df17977d770ef5ab70660b2492f2
sidecar-data-crc-count/isolated	tape-image a4-minimal	2	6	262144	c8f320e1995a50c6855734484a17bcafb1453f38eb9e982fa2c9536d10d4ebf5
sidecar-data-crc-count/isolated	tape-image a4-minimal	3	0	262144	1a91c93c499977f8af07807af812c48e8b7b91108bc935d2a037bf0dbc6a068c
sidecar-data-crc-count/isolated	tape-image a4-minimal	3	1	262144	d18610395739f13e42766e3d3fe443e7c61f23abdb7c116c6bbede345fc8b841
sidecar-data-crc-count/isolated	tape-image a4-minimal	3	2	262144	3085d259597be7e30cb1d6f8c7928a455e7c67bdf70b00a45ab058b75217835e
sidecar-footer-index/isolated	tape-image a4-minimal	2	0	262144	857ee2a80711bfe207a886bdc183cc21d90960b4ab33e684b21ba152f42e2d43
sidecar-footer-index/isolated	tape-image a4-minimal	2	5	262144	d12ab674203b7db26b49d49f44a7f1119d72cf97b0b6038c1dc6d49c83469ea6
sidecar-footer-index/isolated	tape-image a4-minimal	2	6	262144	6875fa52aceb84e8e8c3ab7e066d4b6b3f65ef8d77450665b6915569befff9b7
sidecar-footer-index/isolated	tape-image a4-minimal	3	0	262144	da6cea174acde8613668aa9b3caf89be89d81d80445bc7c35639765c410454e3
sidecar-footer-index/isolated	tape-image a4-minimal	3	1	262144	ddfc2b149a8d0f7fccbea40d37d7a0b6de7d729ee66d0f0bb1982c537314e59d
sidecar-footer-index/isolated	tape-image a4-minimal	3	2	262144	68dedd5d27536b1f224d4000ccc5a840012f5aec72c54fe3cc2232097070412c
sidecar-header-block-count/isolated	tape-image a4-minimal	2	0	262144	0185a7c991868a2a881d08157f4858bf8db91f910fbde35c4e3da4d239e80de6
sidecar-header-block-count/isolated	tape-image a4-minimal	2	1	262144	c711a106cb4100c5eee4d916b7b85dd91b778d0ba09489e3e593ee011f9c7eeb
sidecar-header-block-count/isolated	tape-image a4-minimal	2	2	262144	6224be5dda89f88352ff2f626c166ef9f05a41bc1e139eaf7812b74ad90cf7cd
sidecar-header-block-count/isolated	tape-image a4-minimal	2	3	262144	9b5488d20e6aa3ed03756c8f627dae2b2beb74b513d482d558becece7dddb32a
sidecar-header-block-count/isolated	tape-image a4-minimal	2	4	262144	b2bfdd404723c096440201ed7c502f26da8e187b94a86e18c4f731c6b325780d
sidecar-header-block-count/isolated	tape-image a4-minimal	2	5	262144	8383bcc53b322e956fe62a9a9aa94b5400cfa4d417bf5327b8b03dcaee61d7c8
sidecar-header-block-count/isolated	tape-image a4-minimal	2	6	262144	5845ac9609a7ecc1a1880816093992a8b21e7111ce186e6dd6de082225892a71
sidecar-header-block-count/isolated	tape-image a4-minimal	2	7	262144	c711a106cb4100c5eee4d916b7b85dd91b778d0ba09489e3e593ee011f9c7eeb
sidecar-header-block-count/isolated	tape-image a4-minimal	2	8	262144	0ae0c398cac1c357024b7955b0cf2f709c6a7d91263ff0d9828e84cf5de8e9ca
sidecar-header-block-count/isolated	tape-image a4-minimal	3	0	262144	0e2c6d5dc7b8cc971b56bd9b736d3b8a7281bfc1059ff3308d9d8479d658c311
sidecar-header-block-count/isolated	tape-image a4-minimal	3	1	262144	82b7e7d0851138e336e4e8cbdcfc2fa0044fbd5cf87489450c1eb4d20058461d
sidecar-header-block-count/isolated	tape-image a4-minimal	3	2	262144	f6d21bb1f49e46433c152143e7a0d3863a500798ff25fbea4d61949104b1f26f
sidecar-header-block-count/isolated	tape-image a4-minimal	4	0	262144	284c2e4c3399e4c4a790b68750fed5dabc8d87bbbf86e5a3981f44f9a24672fa
sidecar-header-block-count/isolated	tape-image a4-minimal	4	1	262144	e22277097cf18f63268638de2a69c09eca84c39c0dd26f111ab3b03c05db3984
sidecar-header-block-count/isolated	tape-image a4-minimal	4	2	262144	cd3c90fdabad80b580c969b1759002501823b2ae061150aa0bedf87845980229
sidecar-header-block-count/isolated	tape-image a4-minimal	5	0	262144	aca0d0b603a0e9f539cc5d85eb3c0ff806df11d4385c70142f01b12a0df04cc1
sidecar-header-block-count/isolated	tape-image a4-minimal	5	1	262144	8a39d2abd3999ab73c34db2476849cddf303ce389b35826850f9a700589b4a90
sidecar-header-block-count/isolated	tape-image a4-minimal	5	2	262144	7c5ee978ef5f07bd56ad2e47118951154da8730f204af873722f3ae155c98694
sidecar-header-block-count/isolated	tape-image a4-minimal	6	0	262144	278160ad74fe9b39b9a341543929c33cbf942bd1a7957b90f0e0c9abae429a17
sidecar-header-block-count/isolated	tape-image a4-minimal	6	1	262144	e22277097cf18f63268638de2a69c09eca84c39c0dd26f111ab3b03c05db3984
sidecar-header-block-count/isolated	tape-image a4-minimal	6	2	262144	d04e31c53bd9d4853e0992520c629d311485e1bdd20fb90bdc8c5c478130af73
sidecar-header-block-count/isolated	tape-image a4-minimal	7	0	262144	548ea52f468966ca4d3a2b13d688d30150cd3e6dee3bf022577ad58435e00643
sidecar-header-block-count/isolated	tape-image a4-minimal	7	1	262144	8a39d2abd3999ab73c34db2476849cddf303ce389b35826850f9a700589b4a90
sidecar-header-block-count/isolated	tape-image a4-minimal	7	2	262144	524f2722c30282b1d9c2ca90495ad665dd9b7e463976cae593077df6ff7e3ad1
sidecar-header-block-count/isolated	tape-image a4-minimal	8	0	262144	9a9b7f425ff166c173fb6408e321a4a831ded66fb5f6b73ec592cb4dda02dd17
sidecar-header-block-count/isolated	tape-image a4-minimal	8	1	262144	e22277097cf18f63268638de2a69c09eca84c39c0dd26f111ab3b03c05db3984
sidecar-header-block-count/isolated	tape-image a4-minimal	8	2	262144	d7f6054bb153c851d601138280b7a7d6fe6b41a67073a23b6de21a18f47f6b70
sidecar-header-reserved/isolated-1	tape-image a4-minimal	2	0	262144	6f0337d78565a943fc7db179991d35ad20ce11b997919d463d0b5d94c1556f65
sidecar-header-reserved/isolated-1	tape-image a4-minimal	2	5	262144	83b9c514a08acebc1e02a3f6e709dbf3af8e5d69e4d1c47b42c0e392fef8ebf0
sidecar-header-reserved/isolated-1	tape-image a4-minimal	2	6	262144	95c3faf4d07128d695f12e54d52af32957650d6610310bf214b80880ef27ae83
sidecar-header-reserved/isolated-1	tape-image a4-minimal	3	0	262144	ad59a3e43cead2f03652da9b041a4b5bb86b957b64bf890fb1fab7700d91fa46
sidecar-header-reserved/isolated-1	tape-image a4-minimal	3	1	262144	2ea63cb0f09af1c1df6c1df9272d8e68fea9625d34ed0d88f2f5656934c584c6
sidecar-header-reserved/isolated-1	tape-image a4-minimal	3	2	262144	0784226ecc5a99fb02a4f7f55543fc115169c81bc3381e13a3583efcc975b6cf
sidecar-header-reserved/isolated-2	tape-image a4-minimal	2	0	262144	1d2aaadf7bb648f4f59543baa24a2bc2a277082440bd946eb304ab290acc3ff1
sidecar-header-reserved/isolated-2	tape-image a4-minimal	2	5	262144	d16d8bc06de9904f2b20eb92a8affd14ee5ab34b2d00119a51282a953e95d749
sidecar-header-reserved/isolated-2	tape-image a4-minimal	2	6	262144	e42061d91ce25badbe36dc6a1af6ad80fd4f4f71cd87f44ec0da956bc971a607
sidecar-header-reserved/isolated-2	tape-image a4-minimal	3	0	262144	8191af527e6faf898463fcb6f84b4b0f01fdc57427b8162175e2b4f094faca2f
sidecar-header-reserved/isolated-2	tape-image a4-minimal	3	1	262144	f22ec391a867b3766488ac3262b1c2ac0bac1ec8fd8a959bb0c1f1b59f53fc56
sidecar-header-reserved/isolated-2	tape-image a4-minimal	3	2	262144	551955cef6a262bb9506eeb603aa245c7b45db1c5f84ee242d77d0ba071e0191
sidecar-inline-index-bytes/isolated	tape-image a4-minimal	2	0	262144	b474827ea9b90c822f8e1223d4c4ffd67f62da2954ed3562ceafeb0e27d78695
sidecar-inline-index-bytes/isolated	tape-image a4-minimal	2	5	262144	ffd1901431c37cb400416103d925495dca20ea539a45d29add61a98966c93c42
sidecar-inline-index-bytes/isolated	tape-image a4-minimal	2	6	262144	7126a8b36ecfc5b5fe730fb8dcb091011da6903f0e1813d283f1bf55a63a75ec
sidecar-inline-index-bytes/isolated	tape-image a4-minimal	3	0	262144	d45f4c5a85fc810d3e964a4c0ab158ebe6d529995ac5b9c5d9495fa1959f9a16
sidecar-inline-index-bytes/isolated	tape-image a4-minimal	3	1	262144	e46e704eaa94ea034cf5e407d1bd1fa37738ba989d23acb80b691b65e8994de5
sidecar-inline-index-bytes/isolated	tape-image a4-minimal	3	2	262144	3a2634135f40bf9fcb8334e1150bfe58803aeab64461b22a366b8371076fe1ce
sidecar-m-zero/isolated	tape-image a4-minimal	2	0	262144	e2cf99fb18af377290d9021852f605be1c1849e188b69e98d4c1b15b1f00730b
sidecar-m-zero/isolated	tape-image a4-minimal	2	1	262144	f6fd1d6b7beead4ccfd09aba3a2f413e0a52613df5de3cfe9e457d208f0caf50
sidecar-m-zero/isolated	tape-image a4-minimal	2	2	262144	21dc259c7ce53a36a19ed5ed756c7ffc527dd5e0facb5f4c4d03aba20c291970
sidecar-m-zero/isolated	tape-image a4-minimal	3	0	262144	be417859ddb31a123500466786624680c1db91e46ce4dde93e0b43437217464c
sidecar-m-zero/isolated	tape-image a4-minimal	3	1	262144	6857aaa36cf47049d9c8cffc5c9afb57bde5a749785de36791da7633551a5aed
sidecar-m-zero/isolated	tape-image a4-minimal	3	2	262144	3e008295086f4cdb2109371003b590519b444882008a41ad266ec5a7df972e2e
sidecar-m-zero/isolated	tape-image a4-minimal	4	0	262144	26cd95ec541639592f4b2d61fe8d4749fe682eb50084e68a3a6eac03146a6d27
sidecar-m-zero/isolated	tape-image a4-minimal	4	1	262144	c9770c9735cbbe75bbbe3e981ff183a5ace4b7150c870da2860e13e714701959
sidecar-m-zero/isolated	tape-image a4-minimal	4	2	262144	2000bfc5768a8c9367acc00999f68355768ac05be6a5aeef724b69b2a2fe4f86
sidecar-m-zero/isolated	tape-image a4-minimal	5	0	262144	aabbc3c338bf361c34f4345a8774a12042f82d05d6f4f66de8e59be06c7bf031
sidecar-m-zero/isolated	tape-image a4-minimal	5	1	262144	8a39d2abd3999ab73c34db2476849cddf303ce389b35826850f9a700589b4a90
sidecar-m-zero/isolated	tape-image a4-minimal	5	2	262144	3a2732344483d397b20b5cde95acf83342d55398a4eaf553d1648f7a9a66b86f
sidecar-m-zero/isolated	tape-image a4-minimal	6	0	262144	ff89b6fefa55b12d6b604df85e32fd3a5c37fa25374759de5350e1174cb605a2
sidecar-m-zero/isolated	tape-image a4-minimal	6	1	262144	c9770c9735cbbe75bbbe3e981ff183a5ace4b7150c870da2860e13e714701959
sidecar-m-zero/isolated	tape-image a4-minimal	6	2	262144	0052daa3ee1125a4721808099daabd27582ca373753d994d546ffda559093290
sidecar-m-zero/isolated	tape-image a4-minimal	7	0	262144	9b15780e03096b9c2440eb745cd5492206834d94dd4662b37c3f3833d429fa6e
sidecar-m-zero/isolated	tape-image a4-minimal	7	1	262144	8a39d2abd3999ab73c34db2476849cddf303ce389b35826850f9a700589b4a90
sidecar-m-zero/isolated	tape-image a4-minimal	7	2	262144	f2cfdadde2c589baac0b4387733a62873192cf47d7db70db9e2c74886858904f
sidecar-m-zero/isolated	tape-image a4-minimal	8	0	262144	c06d4fa3b534c065dd55bd07f5053e3cbd3146eb2a002f6c8301b57fc2f5f0cf
sidecar-m-zero/isolated	tape-image a4-minimal	8	1	262144	c9770c9735cbbe75bbbe3e981ff183a5ace4b7150c870da2860e13e714701959
sidecar-m-zero/isolated	tape-image a4-minimal	8	2	262144	abffbcf4ccd0dc5c4d07022258b9bf9f303084b36f78c54ee22e8e9091c06bfb
sidecar-logical-shard-count/isolated	tape-image a4-minimal	2	0	262144	c7ccb3801ba9613bbb8e868295062950905adac8c833c99381ded1610dcb0917
sidecar-logical-shard-count/isolated	tape-image a4-minimal	2	5	262144	163da1171fa77d880d122f9d62567cbfa869d0290612fb3901af6dc1197c001d
sidecar-logical-shard-count/isolated	tape-image a4-minimal	2	6	262144	1b1229ed5b91a7c09b6a6bbd1a13a639917c201d2f51b6ec4815815f3e7b8a28
sidecar-logical-shard-count/isolated	tape-image a4-minimal	3	0	262144	fbd1a1433dc8d58215b1d9ce5bab86263b4d3c524c837e34f732de02869ef733
sidecar-logical-shard-count/isolated	tape-image a4-minimal	3	1	262144	295070db1ab83b224da929bb99c22a33574c91a6b9767f1a5ed0611d59e05691
sidecar-logical-shard-count/isolated	tape-image a4-minimal	3	2	262144	3d403652274fd0f7cddf9cd5f6a38b1613942082685bb69baed87a17a673600c
sidecar-parity-block-count/isolated	tape-image a4-minimal	2	0	262144	4965d3fbf558f6a8cf76a6e151e8198c68c52a4ea0f56411c9ed4c49d37f3994
sidecar-parity-block-count/isolated	tape-image a4-minimal	2	5	262144	2b23ef886866e69c2fa27a7ae0de2b99b9cedd014dd89356bea583f1dbf8457d
sidecar-parity-block-count/isolated	tape-image a4-minimal	3	0	262144	53d20eeefb57f6619681e84e2543fbec503ab101632cb9f4720e9276a8ff89aa
sidecar-parity-block-count/isolated	tape-image a4-minimal	3	1	262144	95fa5b6882831bad2ef64f9c960273d106af04271fb9477f3894437711444d9d
sidecar-parity-block-count/isolated	tape-image a4-minimal	3	2	262144	19652144d3752072765219588ff7b1178e82db4738cde2df09eca880e463dddc
sidecar-primary-start/isolated-1	tape-image a4-minimal	2	0	262144	055aeb62e667e4e66c17fb4b868f56cfe9728d4d69e2b42e1f3b496d166cf140
sidecar-primary-start/isolated-1	tape-image a4-minimal	2	5	262144	401f935a004c24ecad50071d34703d3220cb1f53db5337859909fd2046b69690
sidecar-primary-start/isolated-1	tape-image a4-minimal	3	0	262144	b8d1431019375d39ebd2d99ba99eef69dd9b091081593a3ba7c5589397b3b0f8
sidecar-primary-start/isolated-1	tape-image a4-minimal	3	1	262144	b8cc8928b790cf11302c479163d0bbbd5e635c5b2898534606ae7224d358b2d2
sidecar-primary-start/isolated-1	tape-image a4-minimal	3	2	262144	0b5b664204d57b2cdf2be61580da6a458047391b54aa72d47d26c4564d6c78f4
sidecar-primary-start/isolated-2	tape-image a4-minimal	2	0	262144	492d8e31dffc196dbdc2315f4845b3df486cb1c27e67e3636b3fb69e0c840cdc
sidecar-primary-start/isolated-2	tape-image a4-minimal	2	5	262144	b952aa8e9663dacaae96a84d4c8491b9671b4a49c665f3b06e9b8fd9c8be5eab
sidecar-primary-start/isolated-2	tape-image a4-minimal	3	0	262144	ad59a3e43cead2f03652da9b041a4b5bb86b957b64bf890fb1fab7700d91fa46
sidecar-primary-start/isolated-2	tape-image a4-minimal	3	1	262144	2ea63cb0f09af1c1df6c1df9272d8e68fea9625d34ed0d88f2f5656934c584c6
sidecar-primary-start/isolated-2	tape-image a4-minimal	3	2	262144	0784226ecc5a99fb02a4f7f55543fc115169c81bc3381e13a3583efcc975b6cf
sidecar-real-data-shard-count/isolated-1	tape-image a4-minimal	2	0	262144	3f979defa36ece3eb355d915bf24248e697d641217afd9e514d1e42ddb77acbe
sidecar-real-data-shard-count/isolated-1	tape-image a4-minimal	2	5	262144	54dccab79a7a00865afdbe7770688fe828ac8041a35a3098eae037dbbe89b7c6
sidecar-real-data-shard-count/isolated-1	tape-image a4-minimal	2	6	262144	839e7b589a4bcc782658dc4dda69b7b9bae2a3bbd728d3e8fade5ade9cfb10cd
sidecar-real-data-shard-count/isolated-1	tape-image a4-minimal	3	0	262144	c069dccfe3300c050106e53363bb7b2ddb00cdad9a0e1ffe5b5c999309d8cc81
sidecar-real-data-shard-count/isolated-1	tape-image a4-minimal	3	1	262144	d3e3aff712a1319871bef4baab7bf1049c490fa3f76b0a366987d02b64e9c64c
sidecar-real-data-shard-count/isolated-1	tape-image a4-minimal	3	2	262144	936ee5514291d2bebb792ff6fde3ed1291986f92864d82a6bfcdf78a1f56fab4
sidecar-real-data-shard-count/isolated-2	tape-image a4-minimal	1	0	262144	f8f6fd4e568ae396255108a363650c3340553ae2836201a1dfb49a0e395592f1
sidecar-real-data-shard-count/isolated-2	tape-image a4-minimal	1	1	262144	f00fe5379e843e6346600bdfe186632d4126fcc4f47076b062651730a9920216
sidecar-real-data-shard-count/isolated-2	tape-image a4-minimal	1	2	262144	f00fe5379e843e6346600bdfe186632d4126fcc4f47076b062651730a9920216
sidecar-real-data-shard-count/isolated-2	tape-image a4-minimal	1	3	262144	1bd05e46d06df530e23a8ebd4b1d079dd30073cd9c917ce667657a8542c4a773
sidecar-real-data-shard-count/isolated-2	tape-image a4-minimal	1	4	262144	2f3ffffb1609c17518b5040d0a1ee6a1fcfd08bd8cbc0e75013ee0360108b1f0
sidecar-real-data-shard-count/isolated-2	tape-image a4-minimal	2	0	262144	82b7d4acb253274e09a46958913ee3f941b6483e086ba311dcefcfdbbae57a30
sidecar-real-data-shard-count/isolated-2	tape-image a4-minimal	2	5	262144	90cdfa2f144529e82f13942d419306e28a99faf59c1bf9d00e39fc3c73850b31
sidecar-real-data-shard-count/isolated-2	tape-image a4-minimal	2	6	262144	25457ae1f073cf18d3b46a56deab09e0ef498703ceb4b3634fc24671494817e1
sidecar-real-data-shard-count/isolated-2	tape-image a4-minimal	3	0	262144	3b478b4df97b3766917bf943f18416f5a5c02c1793a09d16dada1c634a27a12a
sidecar-real-data-shard-count/isolated-2	tape-image a4-minimal	3	1	262144	ec7e3b95bfa70802a6b8a5fce5440b8c35d1735d1df168c4993438a47306a983
sidecar-real-data-shard-count/isolated-2	tape-image a4-minimal	3	2	262144	5b060aec8d2288ab064473bd67d0e57d4473ccc1761830a4a03b9540d89cb963
sidecar-real-data-shard-count/isolated-2	tape-image a4-minimal	4	0	262144	9fa3eea55989ca76fd6a66ed7a105170cd18537dc3dc35ff7c33fcaa23bec0da
sidecar-real-data-shard-count/isolated-2	tape-image a4-minimal	4	1	262144	9d190468ab88b21a7922cd8a53c74dd5313540a61d1fe49397e408b97258c364
sidecar-real-data-shard-count/isolated-2	tape-image a4-minimal	4	2	262144	0b873d128eeaa9da7766e91c1d8d94d772b15b13e23ff079619aa5cfa462f033
sidecar-real-data-shard-count/isolated-2	tape-image a4-minimal	5	0	262144	b9b9c3e7c5d5a5dddd24e8fe6217f29a4f0ce343daf05ffa32963a14a2f7d6f6
sidecar-real-data-shard-count/isolated-2	tape-image a4-minimal	5	1	262144	8a39d2abd3999ab73c34db2476849cddf303ce389b35826850f9a700589b4a90
sidecar-real-data-shard-count/isolated-2	tape-image a4-minimal	5	2	262144	2c82536edacd2ed7a8fd09a442b9aa21e3a50b23c888e48a9a30bd1a8f120c04
sidecar-real-data-shard-count/isolated-2	tape-image a4-minimal	6	0	262144	86acd5907692be50078c87265784cd8e70cfddac78e13f88f941fb9597cb890c
sidecar-real-data-shard-count/isolated-2	tape-image a4-minimal	6	1	262144	9d190468ab88b21a7922cd8a53c74dd5313540a61d1fe49397e408b97258c364
sidecar-real-data-shard-count/isolated-2	tape-image a4-minimal	6	2	262144	052751ab51be283bd8fbd970a6697d2fdf63ee422eca09568fc5abc47aa75212
sidecar-real-data-shard-count/isolated-2	tape-image a4-minimal	7	0	262144	8f72180cec6960389f147758a7064a2d847f2c4f80f23dc42c7dc996f9037242
sidecar-real-data-shard-count/isolated-2	tape-image a4-minimal	7	1	262144	8a39d2abd3999ab73c34db2476849cddf303ce389b35826850f9a700589b4a90
sidecar-real-data-shard-count/isolated-2	tape-image a4-minimal	7	2	262144	78f4513a99a9f1e2a2567a2717113985d5c168c9f4dca9715664da2a03b4afb6
sidecar-real-data-shard-count/isolated-2	tape-image a4-minimal	8	0	262144	d26afd4141a6d9c608180b3cc24a9df9e625cf4c668506415fd43611288722bb
sidecar-real-data-shard-count/isolated-2	tape-image a4-minimal	8	1	262144	9d190468ab88b21a7922cd8a53c74dd5313540a61d1fe49397e408b97258c364
sidecar-real-data-shard-count/isolated-2	tape-image a4-minimal	8	2	262144	428329fa25f210d43692d3f11ef77709e19e9be83ddb2ac7dd95736cd0c14ee8
sidecar-tail-start/isolated	tape-image a4-minimal	2	0	262144	3461b916556a25bb675e32be901eef501e74ffe18819b29d7559c595762c4305
sidecar-tail-start/isolated	tape-image a4-minimal	2	5	262144	e0224de30f1cf88e6136552f63aceb83a517ea7dda9dcd9130c2ca831db12399
sidecar-tail-start/isolated	tape-image a4-minimal	3	0	262144	e646bc9dae00bc32f64b08885887dc751e3a89dec89957ae24dfb1bc5100303b
sidecar-tail-start/isolated	tape-image a4-minimal	3	1	262144	b215f287b7a3ecaed00a03f202534d172e94997234da74fadd621e32ddc3b632
sidecar-tail-start/isolated	tape-image a4-minimal	3	2	262144	a5a740ece669dbd800c4660553b555c36c452fb3bebbac0ba730d4b0be6d1f72
sidecar-tape-uuid/isolated	tape-image a4-minimal	2	0	262144	58cea355e1c07ecaff3b0aaebe64ff11e5245d270d3e7c2d2c90283790083049
sidecar-tape-uuid/isolated	tape-image a4-minimal	2	5	262144	1d7afacdd6605177b636165e08b0530c941ddad9e9483f8f7d9f6c7338abd67a
sidecar-tape-uuid/isolated	tape-image a4-minimal	3	0	262144	73fb3152dd5f638cf043ce9b4e196f0b36bb9e8a5da613ccebc5b6d7d980b4cf
sidecar-tape-uuid/isolated	tape-image a4-minimal	3	1	262144	cad49ca5033c1fc1d127e7198636f7a24204d52b852c98dbe22833f0cc762dee
sidecar-tape-uuid/isolated	tape-image a4-minimal	3	2	262144	a8878885977e4d77abe05b42f6af22926cf72dcf8abff31ae934d968bc2adf05
sidecar-total-block-count/isolated	tape-image a4-minimal	2	0	262144	dd4e4bda5ab9cee895a7753e73bf6fe760ffb9e2f7cd163f85194fc77e0e4387
sidecar-total-block-count/isolated	tape-image a4-minimal	2	1	262144	6224be5dda89f88352ff2f626c166ef9f05a41bc1e139eaf7812b74ad90cf7cd
sidecar-total-block-count/isolated	tape-image a4-minimal	2	2	262144	9b5488d20e6aa3ed03756c8f627dae2b2beb74b513d482d558becece7dddb32a
sidecar-total-block-count/isolated	tape-image a4-minimal	2	3	262144	b2bfdd404723c096440201ed7c502f26da8e187b94a86e18c4f731c6b325780d
sidecar-total-block-count/isolated	tape-image a4-minimal	2	4	262144	8383bcc53b322e956fe62a9a9aa94b5400cfa4d417bf5327b8b03dcaee61d7c8
sidecar-total-block-count/isolated	tape-image a4-minimal	2	5	262144	84ccc9da0377b26a1c26bc4c5335ca229d2a1ffaa6161fc2cbd0cb489d7030f2
sidecar-total-block-count/isolated	tape-image a4-minimal	2	6	262144	b0acf50ca898c345eb117b78d69b9275ab54ad9040e47b468a5ed50ca036b70c
sidecar-total-block-count/isolated	tape-image a4-minimal	2	7	262144	8a39d2abd3999ab73c34db2476849cddf303ce389b35826850f9a700589b4a90
sidecar-total-block-count/isolated	tape-image a4-minimal	3	0	262144	32dcf350b21507049d0040c2f8bc07a0981669a0dfd5ab762ddf90aa4fc33b0f
sidecar-total-block-count/isolated	tape-image a4-minimal	3	1	262144	9534ae6c5650048efa558f5784d201e0ca06da089e2c10e1abaf93d18aa7a2ca
sidecar-total-block-count/isolated	tape-image a4-minimal	3	2	262144	8ff033ec868fb95a3869589f98def2cb22540e8b218b6b94a90f319d8650d0b0
sidecar-total-block-count/isolated	tape-image a4-minimal	4	0	262144	90188db61603cc800fdc2fc89023a4ee1144a437283e557b463443cf42985423
sidecar-total-block-count/isolated	tape-image a4-minimal	4	1	262144	d809d6575de6522fb829b74e00cb94783255773d99503dcba7e8c009a7351f90
sidecar-total-block-count/isolated	tape-image a4-minimal	4	2	262144	f0e8e6a2412ce4afb5412aa58ec630edb0466f64fc867688c219c143e8f76c69
sidecar-total-block-count/isolated	tape-image a4-minimal	5	0	262144	b9b9c3e7c5d5a5dddd24e8fe6217f29a4f0ce343daf05ffa32963a14a2f7d6f6
sidecar-total-block-count/isolated	tape-image a4-minimal	5	1	262144	8a39d2abd3999ab73c34db2476849cddf303ce389b35826850f9a700589b4a90
sidecar-total-block-count/isolated	tape-image a4-minimal	5	2	262144	2c82536edacd2ed7a8fd09a442b9aa21e3a50b23c888e48a9a30bd1a8f120c04
sidecar-total-block-count/isolated	tape-image a4-minimal	6	0	262144	695c355d12b210268e41d2790fadaa74575c73ac920ac59a3f1cdef2caa1548b
sidecar-total-block-count/isolated	tape-image a4-minimal	6	1	262144	d809d6575de6522fb829b74e00cb94783255773d99503dcba7e8c009a7351f90
sidecar-total-block-count/isolated	tape-image a4-minimal	6	2	262144	7d5780da2243730f2edcab14918d096568fba8128376f13386e0217a678c2365
sidecar-total-block-count/isolated	tape-image a4-minimal	7	0	262144	8f72180cec6960389f147758a7064a2d847f2c4f80f23dc42c7dc996f9037242
sidecar-total-block-count/isolated	tape-image a4-minimal	7	1	262144	8a39d2abd3999ab73c34db2476849cddf303ce389b35826850f9a700589b4a90
sidecar-total-block-count/isolated	tape-image a4-minimal	7	2	262144	78f4513a99a9f1e2a2567a2717113985d5c168c9f4dca9715664da2a03b4afb6
sidecar-total-block-count/isolated	tape-image a4-minimal	8	0	262144	753e18b54f092e30c59db59283502174988b6f9bb7835e7651a322dd71050882
sidecar-total-block-count/isolated	tape-image a4-minimal	8	1	262144	d809d6575de6522fb829b74e00cb94783255773d99503dcba7e8c009a7351f90
sidecar-total-block-count/isolated	tape-image a4-minimal	8	2	262144	bbb2fa340d301f38e990db93154a1a5a5261e0ea1faab8bea586e4981b3955e1
sidecar-primary-tail-disagreement/isolated	tape-image a4-minimal	2	5	262144	c821192d8637a805304122894adcd71b6923bb75ba87c6d4fb4e2a177d2d0b7a
paritymap-directory-not-ascending/isolated	tape-image two-epoch	4	0	262144	0a8257c79695551b5ca2da03fca4e9586f3ee3003750bb42bab4689ca4ceecc9
paritymap-directory-not-ascending/isolated	tape-image two-epoch	4	1	262144	71be39c93c2dd0c42a7de323344ababcb29346cad965be92ef429f1644c2e6e5
paritymap-directory-not-ascending/isolated	tape-image two-epoch	4	2	262144	967528770e6deca0a5ae2366eced5a9554546da6ed6f3afe26db590e4d874ef7
paritymap-footer-header-disagreement/isolated	tape-image a4-minimal	3	2	262144	d407e746aab022201f65bc02ab48e797eff4768b94d568ccddca16a2ddaf26ba
terminal-scope-scalars/isolated-1	terminal profile multi-256k	6	0	262144	f2bdcdbe506bcbb3ade76c917276c4bcb7cb585f48dfb17c9da21e8c6222250a
terminal-scope-scalars/isolated-1	terminal profile multi-256k	6	2	262144	28ae5c6ee8c320d6b70af7ced1b36c5e52a00a7babba57e4b02e7c04f863ea96
terminal-scope-scalars/isolated-1	terminal profile multi-256k	7	0	262144	09b2c1cba8612d453348b3fb2b5eb38f20ef6ce3096f9c5696897457b4788691
terminal-scope-scalars/isolated-1	terminal profile multi-256k	7	2	262144	336e3ec78172f428781fe1ead2506ed806096520909d3707c42edecbc224bfd0
terminal-scope-scalars/isolated-1	terminal profile multi-256k	8	0	262144	dd83ea2e706119d32268d3e521ce81844b7b551bcfe9406507b212b8cd857a10
terminal-scope-scalars/isolated-1	terminal profile multi-256k	8	2	262144	730cf3256ad535e55c20523c8cb51f1ad6f3824cdb24a476aaa3ffc929ad4c70
terminal-scope-scalars/isolated-1	terminal profile multi-256k	9	0	262144	73cd9509e971c2a79b2863a7337fa7290201495239a0bab79193bacefb552404
terminal-scope-scalars/isolated-1	terminal profile multi-256k	9	2	262144	b92d929a1f0a3dc07f1efc9386a40637ae82b96fad5f8d4e1733c2f656b32ec0
terminal-scope-scalars/isolated-1	terminal profile multi-256k	10	0	262144	0d81d1e905774a309812509fc23e15d4cd4ab92cf0065994706e8c8c3eb076af
terminal-scope-scalars/isolated-1	terminal profile multi-256k	10	2	262144	c78c212cfb34135a8a95e04c1856b88ad48166684245a33ad9482fa769cc810d
terminal-scope-scalars/isolated-2	terminal profile minimal-256k	1	0	262144	74ba622b03aecdba94bc095cc241e7ae1ba43d27467fd9f769cf4b4c0ab2b103
terminal-scope-scalars/isolated-2	terminal profile minimal-256k	1	2	262144	d6a1961ba28fbbcf1b58e6c3572d05f3627b46caf5e155cf48c282394ecc7111
terminal-scope-scalars/isolated-3	terminal profile multi-256k	6	0	262144	a6b811d75d4fefea9b8a6bfb57cf502d327bd9b12585a8d89651f9ffe3966a73
terminal-scope-scalars/isolated-3	terminal profile multi-256k	6	1	262144	8f3c5353c5c49962ed69a80c39e964673e7f17b4632d60e8a2d43b76f4267117
terminal-scope-scalars/isolated-3	terminal profile multi-256k	6	2	262144	17fbcfe63f15a281043e6bff7be8b284e4616068f89858126a42efeb9f64adcd
terminal-scope-scalars/isolated-3	terminal profile multi-256k	7	0	262144	0f5961a513f0bc07099873d70b7218d43205e11745ca76575bd36feb8c2b5c0a
terminal-scope-scalars/isolated-3	terminal profile multi-256k	7	2	262144	999483e1cd8e99b96f3c87d49dc7f03b3870d283ede4ce63e9be7844f2dd73fc
terminal-scope-scalars/isolated-3	terminal profile multi-256k	8	0	262144	67d4f75fb768977a7d6826ad5c24c83247cac5dfc2f278f0c902d462e45a35d6
terminal-scope-scalars/isolated-3	terminal profile multi-256k	8	1	262144	8f3c5353c5c49962ed69a80c39e964673e7f17b4632d60e8a2d43b76f4267117
terminal-scope-scalars/isolated-3	terminal profile multi-256k	8	2	262144	093d304d076843e669ba4174f1f863c1ab5315e9e6afbaef02b485532f6c8d85
terminal-scope-scalars/isolated-3	terminal profile multi-256k	9	0	262144	51249e2cf48b9f06e3d142b7eb37125ba2cdf3d4528eb13745dc450a7d420321
terminal-scope-scalars/isolated-3	terminal profile multi-256k	9	2	262144	4bbeaae2a89e4f8506a040f4a253a9700a27d6d240bde9db62f7a711675eaa2a
terminal-scope-scalars/isolated-3	terminal profile multi-256k	10	0	262144	638063e43486e6beedab857737a8c983409a7fb16c374efc1e27a69c94143e4e
terminal-scope-scalars/isolated-3	terminal profile multi-256k	10	1	262144	8f3c5353c5c49962ed69a80c39e964673e7f17b4632d60e8a2d43b76f4267117
terminal-scope-scalars/isolated-3	terminal profile multi-256k	10	2	262144	73c7e35e5088a9bcf867d205626ac2f7e914da4e8c4f9abab93ec2d692ae8f70
terminal-scope-scalars/isolated-4	terminal profile multi-256k	6	0	262144	a61c203880084d001da896b626ea2493496659fef2931e1f71623fcf19da9911
terminal-scope-scalars/isolated-4	terminal profile multi-256k	6	1	262144	8f3c5353c5c49962ed69a80c39e964673e7f17b4632d60e8a2d43b76f4267117
terminal-scope-scalars/isolated-4	terminal profile multi-256k	6	2	262144	84dc7e3824e9c1b79c5ea9db84ba6fbeeb889bf81751b829291b3a644b4d8ec7
terminal-scope-scalars/isolated-4	terminal profile multi-256k	7	0	262144	0f5961a513f0bc07099873d70b7218d43205e11745ca76575bd36feb8c2b5c0a
terminal-scope-scalars/isolated-4	terminal profile multi-256k	7	2	262144	999483e1cd8e99b96f3c87d49dc7f03b3870d283ede4ce63e9be7844f2dd73fc
terminal-scope-scalars/isolated-4	terminal profile multi-256k	8	0	262144	97dbe803a9c6e26da975ebc427aff98c62727607ffbb2b85b747baf62aaab57c
terminal-scope-scalars/isolated-4	terminal profile multi-256k	8	1	262144	8f3c5353c5c49962ed69a80c39e964673e7f17b4632d60e8a2d43b76f4267117
terminal-scope-scalars/isolated-4	terminal profile multi-256k	8	2	262144	26c8736eaccabde7a26bc44c45a2c9ff55490826df3a28fee8520700670a43e3
terminal-scope-scalars/isolated-4	terminal profile multi-256k	9	0	262144	51249e2cf48b9f06e3d142b7eb37125ba2cdf3d4528eb13745dc450a7d420321
terminal-scope-scalars/isolated-4	terminal profile multi-256k	9	2	262144	4bbeaae2a89e4f8506a040f4a253a9700a27d6d240bde9db62f7a711675eaa2a
terminal-scope-scalars/isolated-4	terminal profile multi-256k	10	0	262144	4a658029781133a4edff9d4a48dd3b3f8276267e7b1e5e9e294edec66e97ae44
terminal-scope-scalars/isolated-4	terminal profile multi-256k	10	1	262144	8f3c5353c5c49962ed69a80c39e964673e7f17b4632d60e8a2d43b76f4267117
terminal-scope-scalars/isolated-4	terminal profile multi-256k	10	2	262144	51a6993a0c87bf10a6286d2290dffcefb40e33a956c630e4ef419bbf501d196f
overflow-7.2-T/isolated	terminal profile multi-256k	6	0	262144	8164e78aeee96f34646a38116a024ef05cc10e256022ccc410ff0bdf0891b430
overflow-7.2-T/isolated	terminal profile multi-256k	6	1	262144	7f9d427262c1d001f1bfb477996dcb840882f53f03b2651e7945681ecd0c61f1
overflow-7.2-T/isolated	terminal profile multi-256k	6	2	262144	a2ec33e6282772aa6856d1de0e2145c85472562276bd71dc79482d5754922392
overflow-7.2-T/isolated	terminal profile multi-256k	7	0	262144	081e37dff3e3dfcec02f750080e3d71c0d7e35ed8ef35d0493ece4a89b3958c7
overflow-7.2-T/isolated	terminal profile multi-256k	7	2	262144	39b96cfaa8a304dfd33baca85f302a41bdb336bb256a760d744d3e6fe7317ac7
overflow-7.2-T/isolated	terminal profile multi-256k	8	0	262144	1480349e3d3d1f02b2bed01a45dabb54c5f5a0aad099f6199a298c88bed9c78e
overflow-7.2-T/isolated	terminal profile multi-256k	8	1	262144	7f9d427262c1d001f1bfb477996dcb840882f53f03b2651e7945681ecd0c61f1
overflow-7.2-T/isolated	terminal profile multi-256k	8	2	262144	5d4ea746c17fd145b9873cf605e947c3ed8f8bbf94327503941bfd280327c39c
overflow-7.2-T/isolated	terminal profile multi-256k	9	0	262144	7aedf87f53f0212b7a93bd97de1c47d2dd0f065e831a6ddea69cb75206ceff06
overflow-7.2-T/isolated	terminal profile multi-256k	9	2	262144	0c8940d293f8f4d9f427d0b028180108bc947a0058f7b7eebe85c6e6d963e327
overflow-7.2-T/isolated	terminal profile multi-256k	10	0	262144	d2080514466e79cd3257dcbe978d1d1ea6db47aced3ed0faad4b278d0d929d66
overflow-7.2-T/isolated	terminal profile multi-256k	10	1	262144	7f9d427262c1d001f1bfb477996dcb840882f53f03b2651e7945681ecd0c61f1
overflow-7.2-T/isolated	terminal profile multi-256k	10	2	262144	c6a59637c217053d394caf132955c607aab7bda6c23015c9f56b13f6d8cb3bde
overflow-9.1-tail-start/isolated	tape-image a4-minimal	2	6	262144	2b0dd9cd0756dcfb120f44bb44ad2ee95ac506f5e65cfeded0253340dd508a38
overflow-10.3-manifest-range/isolated-1	terminal profile multi-256k	6	0	262144	c001fe5ec74a57d196a11e04ac580c0c52136a5097fbb9af8cc4ac43f6bcc741
overflow-10.3-manifest-range/isolated-1	terminal profile multi-256k	6	1	262144	ffcd84f39358c8ac24e525d77036668ed6bbe637996c838edfe14e9ca9199301
overflow-10.3-manifest-range/isolated-1	terminal profile multi-256k	6	2	262144	960a641d53bdc88c777c5687dd6e65979eb872a7bd926d4b5c24c772e18ab453
overflow-13.3-tail-location/isolated-1	tape-image a4-minimal	3	0	262144	0e59da43b6a5506291164972840cfb3acca47937b941c256eda77041b295b916
overflow-13.3-tail-location/isolated-1	tape-image a4-minimal	3	1	262144	246a3275ec676863f83e8880951d906324cf69f06e2923599f6f4b6c7c88149c
overflow-13.3-tail-location/isolated-1	tape-image a4-minimal	3	2	262144	6d9348d962221f64460a7ee16f69ff66edf12753ba0bbadb33cdd1ce16440c00
overflow-13.3-tail-location/isolated-2	tape-image a4-minimal	3	0	262144	3261a5aa2167e779218e18363fb2b772d9e83b89d176435e584e9e8c496aa33c
overflow-13.3-tail-location/isolated-2	tape-image a4-minimal	3	1	262144	81bbfcb267af8cd7713d056b20e58ee12943468413ce7e63b518259ed53e7baf
overflow-13.3-tail-location/isolated-2	tape-image a4-minimal	3	2	262144	c26212f4df499dd57d235e40429da2c02950ea1e6477dcef972c256aca022fa8
e1-16	tape-image a4-minimal	0	0	262144	94e9d0acef2f97cf3c6bdd49bf9571bb0f135e1ff7772f15e87555170f77da1e
