path	bytes	sha256
README.md	17769	7b416cfced72d4a861b3ef6621cf69e6f134aaf583d72ff1d8b00c71b43b91eb
cases/metadata-negative-integer-under-unknown-key/expected.json	133	917ef4603f04150bf3ce5e85afc9d896bac766e021a022f2fb7ed7361ab59bd4
cases/metadata-negative-integer-under-unknown-key/input.json	5963	001ea7301da8a1a737538cc51fdc3bd502abdb47cafb8c23d994cce71a6f67ee
cases/metadata-negative-integer-under-unknown-key/object.rem-object	24576	25d9d80b654255484fb68a33d6619b4e4638b1dac012da132b6f3c73810fc156
cases/metadata-unknown-key-control/expected.json	214	cf6668daf4e4e5f50d7ab84d33830ac1abc8061dc662bcf18c07f5a1cfb99c80
cases/metadata-unknown-key-control/input.json	5963	ef0fd33f5f6332cd7b7ee855ea6f759690bc4d3e02f2a9c39e19212c31981fd1
cases/metadata-unknown-key-control/object.rem-object	24576	c16657f155227fe3eb37385ad9ea877ae0b6880c10e3221d2cf4d46be467f04b
manifests/metadata-envelope.json	907	91fda9ea9d1a47ed6079b164c831fe7b5cd6060cb245a7a5c6b5d1567baed00b
manifests/negative-sealer.json	6312	c4fe65bb3670b3aada72f0098cb7581338eb420b62bb88ae4ecaab91c0c92f59
vectors.json	2427	05154bea6c8b0d06ae709466dbb573004f5b1ed5d4c54f9aa3f26fd9cbeb0b05
