image	tape_file	start_record	data_records	bytes	sha256	filemark_record	eod_record
a4-minimal	0	0	1	262144	313a8794ca3a3e3f93cd621faad2b7bf1f2cf7b1ac4315720a49288add6a3285	1	39
a4-minimal	1	2	4	1048576	0d58595c1aab94f2b1db566a18241acd4418b0ea749f21b54e3f9f5245729eba	6	39
a4-minimal	2	7	7	1835008	c1a8b15af1a996ba91a71dcf4ac714b66fac1f750f8782e880e86cd84888c108	14	39
a4-minimal	3	15	3	786432	faff63888d0aa163ac9276352d2134880ef52df88d8a1c50729cabee0cfd1ef5	18	39
a4-minimal	4	19	3	786432	4aa7bc62103948336300ef3dc2e6190948101429d798b40ab1ff0406e6cd81ed	22	39
a4-minimal	5	23	3	786432	fed1eab8921bf96d74230ee9122a0e5a990145c358dfbabe567c40808eb0a286	26	39
a4-minimal	6	27	3	786432	cbebe1fb39dd7d2b912a6042299833b6cca32127c54d39f31d98891a07e9232a	30	39
a4-minimal	7	31	3	786432	e36b4bff04bf9f40299f4123a27b5c68c2ff445421a09a15c3a79b9cc249d0ad	34	39
a4-minimal	8	35	3	786432	6ba7f301bf23685e59ebd1041b2d0ec5a7e22abec099e05f8203f932fbd728ba	38	39
a4-minimal	ALL	0	30	7864320	dbfd8e8b4e356a992dd9a19215740514adc58529c523662e37092a621a13ca9a	structural	39
short-epoch	0	0	1	262144	130cbe1907f84103e35c2ce30911de32578d6affdeb2a25b3e43fb31a96c34ed	1	41
short-epoch	1	2	2	524288	f8d2d02364e09446ef73a173ec309c16cf9823b38f2dca3e3387418c48884924	4	41
short-epoch	2	5	11	2883584	817edfe66b213435e64b57e3fbe6d3deff0756d26369442fb3ef71f4eaa8f3da	16	41
short-epoch	3	17	3	786432	3f6741a023475b8b7d836b797dd18797f913308d860fcd85a198cf54ee94a430	20	41
short-epoch	4	21	3	786432	fb79615f10dd968def32080ea110f8e92a86f33bb5c162dc1be8fc08cdd9b270	24	41
short-epoch	5	25	3	786432	a3d5c84822bbb2cc0903022419b09a8155a545e9f952e8894ad5464383369df1	28	41
short-epoch	6	29	3	786432	c9e7b334313ad9a4850b04620f0125855e9c8a94cd24e0c453e8b7fd6ad316f6	32	41
short-epoch	7	33	3	786432	3f0ea6f3b6c2452fc121b9446b09767d814bf88cd4a79884cc7ee38e520565a0	36	41
short-epoch	8	37	3	786432	6d459c54c6a478485a443526a2ec17ca4662f5a385647d26289a1617f097464d	40	41
short-epoch	ALL	0	32	8388608	96d01af8c475cae5b65b6875a525a582ec6254fd1715e4f6f3d6dd0b21d6fe5a	structural	41
two-epoch	0	0	1	262144	313a8794ca3a3e3f93cd621faad2b7bf1f2cf7b1ac4315720a49288add6a3285	1	51
two-epoch	1	2	8	2097152	e1a62ced809cb09794702a480ed72766697dc6e4f419f7482eab99e13a8ad128	10	51
two-epoch	2	11	7	1835008	a04f9e06597e5e5e253cfe2f2c5beb3e41ca5a29c430dccb1d614accb24783d5	18	51
two-epoch	3	19	7	1835008	6db8f2479d564142ccca80965bd427613419ccf2451713756998c5d25bb15a55	26	51
two-epoch	4	27	3	786432	de85943e5044a6fe3c430a1cc497634bab4eca1f2fd4740779854b1ee07436ac	30	51
two-epoch	5	31	3	786432	a3dd911d4af76fb667f9a10146cda8381b483b7042145dbce3e779eca334b36d	34	51
two-epoch	6	35	3	786432	2945d2890df6bde21164b68ea5f7b1010f5df883f7ab51bf6911c3a8c07e43a2	38	51
two-epoch	7	39	3	786432	7bae3632b9fcf486ff85b34595ff8eabf6c10ec2d18bc62f3a615f52600fa00b	42	51
two-epoch	8	43	3	786432	6ae1bc8eac7ebc257e7904284a1bc7c9170e7f5923610d11b46eeba70b43e2c7	46	51
two-epoch	9	47	3	786432	c526abcfbfa68224204f2cf75a1163aeed5e5285249d380fc6f88d9955af3ef7	50	51
two-epoch	ALL	0	41	10747904	cb44042f9f7cf8b8140d0c69782b7fb93cf96e6c1582b7bbd2dd9ccd8bdfc5c6	structural	51
two-edition	0	0	1	262144	313a8794ca3a3e3f93cd621faad2b7bf1f2cf7b1ac4315720a49288add6a3285	1	39
two-edition	1	2	4	1048576	0d58595c1aab94f2b1db566a18241acd4418b0ea749f21b54e3f9f5245729eba	6	39
two-edition	2	7	7	1835008	c1a8b15af1a996ba91a71dcf4ac714b66fac1f750f8782e880e86cd84888c108	14	39
two-edition	3	15	3	786432	faff63888d0aa163ac9276352d2134880ef52df88d8a1c50729cabee0cfd1ef5	18	39
two-edition	4	19	3	786432	4aa7bc62103948336300ef3dc2e6190948101429d798b40ab1ff0406e6cd81ed	22	39
two-edition	5	23	3	786432	fed1eab8921bf96d74230ee9122a0e5a990145c358dfbabe567c40808eb0a286	26	39
two-edition	6	27	3	786432	b177a9b58d361aca33c32dbc32bb368060025d96039549817335dfebd57de015	30	39
two-edition	7	31	3	786432	e36b4bff04bf9f40299f4123a27b5c68c2ff445421a09a15c3a79b9cc249d0ad	34	39
two-edition	8	35	3	786432	6ba7f301bf23685e59ebd1041b2d0ec5a7e22abec099e05f8203f932fbd728ba	38	39
two-edition	ALL	0	30	7864320	74755071df479f91e9ebc9f28938ec49b928a5bca14134b330cc1b84d7922076	structural	39
unfinalized-closed	0	0	1	262144	313a8794ca3a3e3f93cd621faad2b7bf1f2cf7b1ac4315720a49288add6a3285	1	18
unfinalized-closed	1	2	4	1048576	0d58595c1aab94f2b1db566a18241acd4418b0ea749f21b54e3f9f5245729eba	6	18
unfinalized-closed	2	7	7	1835008	c1a8b15af1a996ba91a71dcf4ac714b66fac1f750f8782e880e86cd84888c108	14	18
unfinalized-closed	3	15	3	786432	bd1eb8e2fe2b1c5c29a2d6e87eceab8bb9d4bbd085c194e4cc13c22218c71ab3	none	18
unfinalized-closed	ALL	0	15	3932160	af52f1cc702dc5d4dd2a7640ea826e6637434fa6098861c68cabe0f647b30815	structural	18
unfinalized-open	0	0	1	262144	313a8794ca3a3e3f93cd621faad2b7bf1f2cf7b1ac4315720a49288add6a3285	1	21
unfinalized-open	1	2	4	1048576	0d58595c1aab94f2b1db566a18241acd4418b0ea749f21b54e3f9f5245729eba	6	21
unfinalized-open	2	7	7	1835008	c1a8b15af1a996ba91a71dcf4ac714b66fac1f750f8782e880e86cd84888c108	14	21
unfinalized-open	3	15	2	524288	a7df64f1496a2e096fd7381aed55655fdd6ea3662b453f86f607765f2d1c8fa1	17	21
unfinalized-open	4	18	3	786432	bd1eb8e2fe2b1c5c29a2d6e87eceab8bb9d4bbd085c194e4cc13c22218c71ab3	none	21
unfinalized-open	ALL	0	17	4456448	fa59df8b066937c328812aa3d90d6fab84222a09199c9005aec82f403739758e	structural	21
